{
  "rf": {
    "accuracy": 0.8425864310650191,
    "precision": 0.9148584797467774,
    "recall": 0.5959716702029106,
    "f1": 0.7217617892946329
  },
  "dt": {
    "accuracy": 0.8450127458307313,
    "precision": 0.8366154750532736,
    "recall": 0.6804829214356155,
    "f1": 0.7505149882170696
  },
  "lr": {
    "accuracy": 0.7326037326344454,
    "precision": 0.804932735426009,
    "recall": 0.2896632101126618,
    "f1": 0.42601911877815624
  },
  "nb": {
    "accuracy": 0.7305254967802701,
    "precision": 0.8272385665841812,
    "recall": 0.26973074739264263,
    "f1": 0.4068148014603146
  },
  "svm": {
    "accuracy": 0.7324399307937223,
    "precision": 0.7934016655989751,
    "recall": 0.296088216836506,
    "f1": 0.43124197514743967
  }
}