{
  "rf": {
    "accuracy": 0.8236,
    "precision": 0.8226535495878755,
    "recall": 0.8250666666666666,
    "f1": 0.8238583410997204
  },
  "dt": {
    "accuracy": 0.8048,
    "precision": 0.8001575630252101,
    "recall": 0.8125333333333333,
    "f1": 0.8062979624239217
  },
  "lr": {
    "accuracy": 0.6668,
    "precision": 0.6824146981627297,
    "recall": 0.624,
    "f1": 0.651901379022148
  },
  "nb": {
    "accuracy": 0.6212,
    "precision": 0.8662369057211926,
    "recall": 0.2866666666666667,
    "f1": 0.4307753957122821
  },
  "svm": {
    "accuracy": 0.6668,
    "precision": 0.6755543081672748,
    "recall": 0.6418666666666667,
    "f1": 0.6582797757418296
  },
  "xgb": {
    "accuracy": 0.8366666666666667,
    "precision": 0.8383811310640579,
    "recall": 0.8341333333333333,
    "f1": 0.8362518379895736
  }
}